"GRAPH","SUBJECT","PROPERTY","OBJCT"
"RDF_MODEL_CS345_PROF:<www.example.org/PERSONT>","<PERSONT>","<http://www.w3.org/1999/02/22-rdf-syntax-ns#type>","<http://www.w3.org/2000/01/rdf-schema#Class>"
"RDF_MODEL_CS345_PROF:<www.example.org/PERSONT>","<personid>","<http://www.w3.org/2000/01/rdf-schema#instanceOf>","<http://www.w3.org/2002/07/owl#DatatypeProperty>"
"RDF_MODEL_CS345_PROF:<www.example.org/PERSONT>","<personid>","<http://www.w3.org/2000/01/rdf-schema#domain>","<PERSONT>"
"RDF_MODEL_CS345_PROF:<www.example.org/PERSONT>","<personid>","<http://www.w3.org/1999/02/22-rdf-syntax-ns#range>","<http://www.w3.org/2000/01/rdf-schema#INTEGER>"
"RDF_MODEL_CS345_PROF:<www.example.org/PERSONT>","<firstname>","<http://www.w3.org/2000/01/rdf-schema#instanceOf>","<http://www.w3.org/2002/07/owl#DatatypeProperty>"
"RDF_MODEL_CS345_PROF:<www.example.org/PERSONT>","<firstname>","<http://www.w3.org/2000/01/rdf-schema#domain>","<PERSONT>"
"RDF_MODEL_CS345_PROF:<www.example.org/PERSONT>","<firstname>","<http://www.w3.org/1999/02/22-rdf-syntax-ns#range>","<http://www.w3.org/2000/01/rdf-schema#STRING>"
"RDF_MODEL_CS345_PROF:<www.example.org/PERSONT>","<lastname>","<http://www.w3.org/2000/01/rdf-schema#instanceOf>","<http://www.w3.org/2002/07/owl#DatatypeProperty>"
"RDF_MODEL_CS345_PROF:<www.example.org/PERSONT>","<lastname>","<http://www.w3.org/2000/01/rdf-schema#domain>","<PERSONT>"
"RDF_MODEL_CS345_PROF:<www.example.org/PERSONT>","<lastname>","<http://www.w3.org/1999/02/22-rdf-syntax-ns#range>","<http://www.w3.org/2000/01/rdf-schema#STRING>"
"RDF_MODEL_CS345_PROF:<www.example.org/PERSONT>","<zipcode>","<http://www.w3.org/2000/01/rdf-schema#instanceOf>","<http://www.w3.org/2002/07/owl#DatatypeProperty>"
"RDF_MODEL_CS345_PROF:<www.example.org/PERSONT>","<zipcode>","<http://www.w3.org/2000/01/rdf-schema#domain>","<PERSONT>"
"RDF_MODEL_CS345_PROF:<www.example.org/PERSONT>","<zipcode>","<http://www.w3.org/1999/02/22-rdf-syntax-ns#range>","<http://www.w3.org/2000/01/rdf-schema#INTEGER>"
"RDF_MODEL_CS345_PROF:<www.example.org/PERSONT>","<spouse>","<http://www.w3.org/2000/01/rdf-schema#domain>","<PERSONT>"
"RDF_MODEL_CS345_PROF:<www.example.org/PERSONT>","<spouse>","<http://www.w3.org/2002/07/owl#inverseOf>","<spouse>"
"RDF_MODEL_CS345_PROF:<www.example.org/PERSONT>","<children>","<http://www.w3.org/2000/01/rdf-schema#domain>","<PERSONT>"
"RDF_MODEL_CS345_PROF:<www.example.org/PERSONT>","<children>","<hasAttr>","<MV=DISTINCT>"
"RDF_MODEL_CS345_PROF:<www.example.org/PERSONT>","<children>","<http://www.w3.org/2002/07/owl#inverseOf>","<parents>"
"RDF_MODEL_CS345_PROF:<www.example.org/PERSONT>","<parents>","<http://www.w3.org/2000/01/rdf-schema#domain>","<PERSONT>"
"RDF_MODEL_CS345_PROF:<www.example.org/PERSONT>","<parents>","<hasAttr>","<MV=DISTINCT_MAXVAL(_2)>"
"RDF_MODEL_CS345_PROF:<www.example.org/PERSONT>","<parents>","<http://www.w3.org/2002/07/owl#inverseOf>","<children>"
"RDF_MODEL_CS345_PROF:<www.example.org/EMPLT>","<EMPLT>","<http://www.w3.org/1999/02/22-rdf-syntax-ns#type>","<http://www.w3.org/2000/01/rdf-schema#Class>"
"RDF_MODEL_CS345_PROF:<www.example.org/EMPLT>","<EMPLT>","<http://www.w3.org/2000/01/rdf-schema#subClassOf>","<PERSONT>"
"RDF_MODEL_CS345_PROF:<www.example.org/EMPLT>","<employeeid>","<http://www.w3.org/2000/01/rdf-schema#instanceOf>","<http://www.w3.org/2002/07/owl#DatatypeProperty>"
"RDF_MODEL_CS345_PROF:<www.example.org/EMPLT>","<employeeid>","<http://www.w3.org/2000/01/rdf-schema#domain>","<EMPLT>"
"RDF_MODEL_CS345_PROF:<www.example.org/EMPLT>","<employeeid>","<http://www.w3.org/1999/02/22-rdf-syntax-ns#range>","<http://www.w3.org/2000/01/rdf-schema#INTEGER>"
"RDF_MODEL_CS345_PROF:<www.example.org/EMPLT>","<salary>","<http://www.w3.org/2000/01/rdf-schema#instanceOf>","<http://www.w3.org/2002/07/owl#DatatypeProperty>"
"RDF_MODEL_CS345_PROF:<www.example.org/EMPLT>","<salary>","<http://www.w3.org/2000/01/rdf-schema#domain>","<EMPLT>"
"RDF_MODEL_CS345_PROF:<www.example.org/EMPLT>","<salary>","<http://www.w3.org/1999/02/22-rdf-syntax-ns#range>","<http://www.w3.org/2000/01/rdf-schema#INTEGER>"
"RDF_MODEL_CS345_PROF:<www.example.org/EMPLT>","<employeemanager>","<http://www.w3.org/2000/01/rdf-schema#domain>","<EMPLT>"
"RDF_MODEL_CS345_PROF:<www.example.org/EMPLT>","<employeemanager>","<http://www.w3.org/2002/07/owl#inverseOf>","<employeesmanaging>"
"RDF_MODEL_CS345_PROF:<www.example.org/PERSONT>","<www.example.org/PERSONT/2>","<www.example.org/foaf.rdf#personid>","<2>"
"RDF_MODEL_CS345_PROF:<www.example.org/PERSONT>","<www.example.org/PERSONT/2>","<www.example.org/foaf.rdf#firstname>","<DummyBill>"
"RDF_MODEL_CS345_PROF:<www.example.org/PERSONT>","<www.example.org/PERSONT/2>","<www.example.org/foaf.rdf#lastname>","<DummyDawer>"
"RDF_MODEL_CS345_PROF:<www.example.org/PERSONT>","<www.example.org/PERSONT/2>","<www.example.org/foaf.rdf#zipcode>","<78705>"
"RDF_MODEL_CS345_PROF:<www.example.org/PERSONT>","<www.example.org/PERSONT/3>","<www.example.org/foaf.rdf#personid>","<3>"
"RDF_MODEL_CS345_PROF:<www.example.org/PERSONT>","<www.example.org/PERSONT/3>","<www.example.org/foaf.rdf#firstname>","<Kid1>"
"RDF_MODEL_CS345_PROF:<www.example.org/PERSONT>","<www.example.org/PERSONT/3>","<www.example.org/foaf.rdf#lastname>","<DummyDawer>"
"RDF_MODEL_CS345_PROF:<www.example.org/PERSONT>","<www.example.org/PERSONT/3>","<www.example.org/foaf.rdf#zipcode>","<78705>"
"RDF_MODEL_CS345_PROF:<www.example.org/PERSONT>","<www.example.org/PERSONT/1>","<www.example.org/foaf.rdf#personid>","<1>"
"RDF_MODEL_CS345_PROF:<www.example.org/PERSONT>","<www.example.org/PERSONT/1>","<www.example.org/foaf.rdf#firstname>","<Bill>"
"RDF_MODEL_CS345_PROF:<www.example.org/PERSONT>","<www.example.org/PERSONT/1>","<www.example.org/foaf.rdf#lastname>","<Dawer>"
"RDF_MODEL_CS345_PROF:<www.example.org/PERSONT>","<www.example.org/PERSONT/1>","<www.example.org/foaf.rdf#zipcode>","<78705>"
"RDF_MODEL_CS345_PROF:<www.example.org/PERSONT>","<www.example.org/PERSONT/4>","<www.example.org/foaf.rdf#personid>","<4>"
"RDF_MODEL_CS345_PROF:<www.example.org/PERSONT>","<www.example.org/PERSONT/4>","<www.example.org/foaf.rdf#firstname>","<Kid2>"
"RDF_MODEL_CS345_PROF:<www.example.org/PERSONT>","<www.example.org/PERSONT/4>","<www.example.org/foaf.rdf#lastname>","<DummyDawer>"
"RDF_MODEL_CS345_PROF:<www.example.org/PERSONT>","<www.example.org/PERSONT/4>","<www.example.org/foaf.rdf#zipcode>","<78705>"
